"gene","coef"
"PSME2",-0.280260145506351
"DACT2",-0.157375537690658
"PIGR",-0.0662346949078302
"STX11",-0.237281524070015
